source_id,source,line,context
0,9896+JAM+(1) (5)(10).pdf,207,"E_{SREF}^{(\Gamma,\Omega,EX,2880D)}[\Xi] = \int_{\mathcal{M}_{2880}} ((O\, \triangle \, K \, O \, \mu \,"
0,9896+JAM+(1) (5)(10).pdf,208,W)\circ[\begin{array}{c} \sum_{i=1}^{3} g_i\rho_i(EX)C_{\Omega}^{2} \\ + \sum_{j=4}^{5}(T_j^{00}(EX) +
0,9896+JAM+(1) (5)(10).pdf,209,"P_j(EX)\Pi_{2880}|\lambda_j|^{n}) \end{array}])\,d\mu_{\mathcal{M}_{2880}}"
0,9896+JAM+(1) (5)(10).pdf,210,\Pi_{2880}=\prod_{\ell=5}^{2880}\psi_{\ell}^{\delta_{\ell}}
0,9896+JAM+(1) (5)(10).pdf,211,|\lambda_j|=60
0,9896+JAM+(1) (5)(10).pdf,212,C_{\Omega}=\sqrt{\frac{2880}{4}}
0,9896+JAM+(1) (5)(10).pdf,214,"E_{SREF}^{(\Gamma,\Omega,EX)}[\Xi] = \int_{\mathcal{M}_{5}} ((O\, \triangle \, K \, O \, \mu \,"
0,9896+JAM+(1) (5)(10).pdf,215,W)\circ[\sum_{i=1}^{3} g_i\rho_i(EX)C_{\Omega}^{2} +
0,9896+JAM+(1) (5)(10).pdf,216,"\sum_{j=4}^{5}(T_j^{00}(EX)+P_j(EX)|\lambda_j|^{n})])\,d\mu_{\mathcal{M}_{5}}"
2,9880 JAM(7).pdf,256,Average excitation             n̄ ≈ 18.86
2,9880 JAM(7).pdf,258,Empire wave constant           CΩ ≈ 26.83
2,9880 JAM(7).pdf,260,Thinning ratio                 ≈ 0.375
2,9880 JAM(7).pdf,262,Propagation/resonance ratio    ≈ √2
3,A Recursive Closure Criterion for a Theory of Everything  A 60-Glyph Quaternionic Inter-Domain Syllogistic Admissibility Standard (1)(20260810-123408).pdf,1850,●​ Scores above +50 → severe crackpot behavior​
3,A Recursive Closure Criterion for a Theory of Everything  A 60-Glyph Quaternionic Inter-Domain Syllogistic Admissibility Standard (1)(20260810-123408).pdf,1852,●​ Scores above +100 → pathological​
3,A Recursive Closure Criterion for a Theory of Everything  A 60-Glyph Quaternionic Inter-Domain Syllogistic Admissibility Standard (1)(20260810-123408).pdf,2038,"Does 2880-D → 5-D reduction preserve symmetries corresponding to R, T, M?"
3,A Recursive Closure Criterion for a Theory of Everything  A 60-Glyph Quaternionic Inter-Domain Syllogistic Admissibility Standard (1)(20260810-123408).pdf,2046,• 32 triality orbits = 2^5 coordinate space
3,A Recursive Closure Criterion for a Theory of Everything  A 60-Glyph Quaternionic Inter-Domain Syllogistic Admissibility Standard (1)(20260810-123408).pdf,2048,• Period-3 recursion = harmonic averaging mechanism
3,A Recursive Closure Criterion for a Theory of Everything  A 60-Glyph Quaternionic Inter-Domain Syllogistic Admissibility Standard (1)(20260810-123408).pdf,2058,• R^4 = identity (quaternion group action)
3,A Recursive Closure Criterion for a Theory of Everything  A 60-Glyph Quaternionic Inter-Domain Syllogistic Admissibility Standard (1)(20260810-123408).pdf,2060,• Shift pattern: orbit → (orbit + 24) mod 32
3,A Recursive Closure Criterion for a Theory of Everything  A 60-Glyph Quaternionic Inter-Domain Syllogistic Admissibility Standard (1)(20260810-123408).pdf,2062,• Formula: 24 = 3×8 reveals triadic structure
3,A Recursive Closure Criterion for a Theory of Everything  A 60-Glyph Quaternionic Inter-Domain Syllogistic Admissibility Standard (1)(20260810-123408).pdf,2076,The 2880-D → 5-D reduction preserves the TERNARY RECURSION structure (T-symmetry)
3,A Recursive Closure Criterion for a Theory of Everything  A 60-Glyph Quaternionic Inter-Domain Syllogistic Admissibility Standard (1)(20260810-123408).pdf,2084,The 8 quaternionic R-cycles × 4 phases = 32 orbits demonstrates:
3,A Recursive Closure Criterion for a Theory of Everything  A 60-Glyph Quaternionic Inter-Domain Syllogistic Admissibility Standard (1)(20260810-123408).pdf,2086,32 orbits = 8 (octonion directions) × 4 (quaternion rotations)
3,A Recursive Closure Criterion for a Theory of Everything  A 60-Glyph Quaternionic Inter-Domain Syllogistic Admissibility Standard (1)(20260810-123408).pdf,2088,This IS the 8-D → 5-D spinor projection mechanism:
3,A Recursive Closure Criterion for a Theory of Everything  A 60-Glyph Quaternionic Inter-Domain Syllogistic Admissibility Standard (1)(20260810-123408).pdf,2090,• 8-D spinor space = ℓ ∈ {0..7} octonion coordinates
3,A Recursive Closure Criterion for a Theory of Everything  A 60-Glyph Quaternionic Inter-Domain Syllogistic Admissibility Standard (1)(20260810-123408).pdf,2092,"• 4-D quaternion rotations = h₂ ∈ {0,1,2,3}"
3,A Recursive Closure Criterion for a Theory of Everything  A 60-Glyph Quaternionic Inter-Domain Syllogistic Admissibility Standard (1)(20260810-123408).pdf,2094,• 5-D exciter space = 32 orbits addressed by 5 bits
3,A Recursive Closure Criterion for a Theory of Everything  A 60-Glyph Quaternionic Inter-Domain Syllogistic Admissibility Standard (1)(20260810-123408).pdf,2104,ANSWER: n̄ ≈ 18.86 represents harmonic mean resonance level
3,A Recursive Closure Criterion for a Theory of Everything  A 60-Glyph Quaternionic Inter-Domain Syllogistic Admissibility Standard (1)(20260810-123408).pdf,2122,H(n) ≈ 6.77 × √n (for orbit index n)
3,A Recursive Closure Criterion for a Theory of Everything  A 60-Glyph Quaternionic Inter-Domain Syllogistic Admissibility Standard (1)(20260810-123408).pdf,2144,• Total excitation: 2876 × (18.86/32) ≈ 1695 units
3,A Recursive Closure Criterion for a Theory of Everything  A 60-Glyph Quaternionic Inter-Domain Syllogistic Admissibility Standard (1)(20260810-123408).pdf,2152,Your equation uses 60^n̄ as scaling factor.
3,A Recursive Closure Criterion for a Theory of Everything  A 60-Glyph Quaternionic Inter-Domain Syllogistic Admissibility Standard (1)(20260810-123408).pdf,2154,If n̄ = 18.86:
3,A Recursive Closure Criterion for a Theory of Everything  A 60-Glyph Quaternionic Inter-Domain Syllogistic Admissibility Standard (1)(20260810-123408).pdf,2156,60^18.86 = 3.47 × 10^33 (cosmological scale!)
3,A Recursive Closure Criterion for a Theory of Everything  A 60-Glyph Quaternionic Inter-Domain Syllogistic Admissibility Standard (1)(20260810-123408).pdf,2158,Normalized: 60^(n̄/32) ≈ 11.2 (local dynamics scale)
3,A Recursive Closure Criterion for a Theory of Everything  A 60-Glyph Quaternionic Inter-Domain Syllogistic Admissibility Standard (1)(20260810-123408).pdf,2172,ANSWER: C_Ω ≈ 26.83 = √(2880/4) = dimensional ratio
3,A Recursive Closure Criterion for a Theory of Everything  A 60-Glyph Quaternionic Inter-Domain Syllogistic Admissibility Standard (1)(20260810-123408).pdf,2208,• c = speed of light in 4-D spacetime
3,A Recursive Closure Criterion for a Theory of Everything  A 60-Glyph Quaternionic Inter-Domain Syllogistic Admissibility Standard (1)(20260810-123408).pdf,2210,• C_Ω = effective speed in 2880-D manifold
3,A Recursive Closure Criterion for a Theory of Everything  A 60-Glyph Quaternionic Inter-Domain Syllogistic Admissibility Standard (1)(20260810-123408).pdf,2212,• Ratio: C_Ω/c = √(2880/4) ≈ 26.83
3,A Recursive Closure Criterion for a Theory of Everything  A 60-Glyph Quaternionic Inter-Domain Syllogistic Admissibility Standard (1)(20260810-123408).pdf,2228,C_Ω / n̄ ≈ 26.83 / 18.86 ≈ 1.42 ≈ √2
3,A Recursive Closure Criterion for a Theory of Everything  A 60-Glyph Quaternionic Inter-Domain Syllogistic Admissibility Standard (1)(20260810-123408).pdf,2232,C_Ω / 6.77 ≈ 3.96 ≈ 4
3,A Recursive Closure Criterion for a Theory of Everything  A 60-Glyph Quaternionic Inter-Domain Syllogistic Admissibility Standard (1)(20260810-123408).pdf,2234,→ Quaternion factor (4-fold R-symmetry)
3,A Recursive Closure Criterion for a Theory of Everything  A 60-Glyph Quaternionic Inter-Domain Syllogistic Admissibility Standard (1)(20260810-123408).pdf,2236,C_Ω = √(720 × 4) = √2880
3,A Recursive Closure Criterion for a Theory of Everything  A 60-Glyph Quaternionic Inter-Domain Syllogistic Admissibility Standard (1)(20260810-123408).pdf,2248,ANSWER: Yes - exponential collapse at rate ≈ 1/e per major scale
3,A Recursive Closure Criterion for a Theory of Everything  A 60-Glyph Quaternionic Inter-Domain Syllogistic Admissibility Standard (1)(20260810-123408).pdf,2252,Exponent: 1/(2880-4) ≈ 0.000348
3,A Recursive Closure Criterion for a Theory of Everything  A 60-Glyph Quaternionic Inter-Domain Syllogistic Admissibility Standard (1)(20260810-123408).pdf,2254,Product: ∏(ℓ=5 to 2880) Ψ_ℓ/Φ_ℓ²
3,A Recursive Closure Criterion for a Theory of Everything  A 60-Glyph Quaternionic Inter-Domain Syllogistic Admissibility Standard (1)(20260810-123408).pdf,2262,↓ ratio = 0.375 ≈ 1/e ≈ 1/φ²
3,A Recursive Closure Criterion for a Theory of Everything  A 60-Glyph Quaternionic Inter-Domain Syllogistic Admissibility Standard (1)(20260810-123408).pdf,2266,↓ ratio = 0.333 ≈ 1/3
3,A Recursive Closure Criterion for a Theory of Everything  A 60-Glyph Quaternionic Inter-Domain Syllogistic Admissibility Standard (1)(20260810-123408).pdf,2270,↓ ratio = 0.219
3,A Recursive Closure Criterion for a Theory of Everything  A 60-Glyph Quaternionic Inter-Domain Syllogistic Admissibility Standard (1)(20260810-123408).pdf,2274,↓ ratio = 0.429
3,A Recursive Closure Criterion for a Theory of Everything  A 60-Glyph Quaternionic Inter-Domain Syllogistic Admissibility Standard (1)(20260810-123408).pdf,2278,↓ ratio = 0.333 ≈ 1/3
3,A Recursive Closure Criterion for a Theory of Everything  A 60-Glyph Quaternionic Inter-Domain Syllogistic Admissibility Standard (1)(20260810-123408).pdf,2284,Overall: 256 → 1 (factor of 256)
3,A Recursive Closure Criterion for a Theory of Everything  A 60-Glyph Quaternionic Inter-Domain Syllogistic Admissibility Standard (1)(20260810-123408).pdf,2288,The first reduction 256 → 96 gives ratio 0.375
3,A Recursive Closure Criterion for a Theory of Everything  A 60-Glyph Quaternionic Inter-Domain Syllogistic Admissibility Standard (1)(20260810-123408).pdf,2292,• 1/e ≈ 0.368 (exponential decay)
3,A Recursive Closure Criterion for a Theory of Everything  A 60-Glyph Quaternionic Inter-Domain Syllogistic Admissibility Standard (1)(20260810-123408).pdf,2294,• 1/φ² ≈ 0.382 (golden ratio squared)
3,A Recursive Closure Criterion for a Theory of Everything  A 60-Glyph Quaternionic Inter-Domain Syllogistic Admissibility Standard (1)(20260810-123408).pdf,2296,• Actual: 0.375 = 3/8 (exact rational)
3,A Recursive Closure Criterion for a Theory of Everything  A 60-Glyph Quaternionic Inter-Domain Syllogistic Admissibility Standard (1)(20260810-123408).pdf,2314,To achieve 256 → 1 reduction over 2876 steps:
3,A Recursive Closure Criterion for a Theory of Everything  A 60-Glyph Quaternionic Inter-Domain Syllogistic Admissibility Standard (1)(20260810-123408).pdf,2316,Per-scale ratio: (1/256)^(1/2876) ≈ 0.9981
3,A Recursive Closure Criterion for a Theory of Everything  A 60-Glyph Quaternionic Inter-Domain Syllogistic Admissibility Standard (1)(20260810-123408).pdf,2338,• How much geometric structure preserved when projecting ℓ → ℓ-1
3,A Recursive Closure Criterion for a Theory of Everything  A 60-Glyph Quaternionic Inter-Domain Syllogistic Admissibility Standard (1)(20260810-123408).pdf,2356,↓ Thinning: ∏ Ψ_ℓ/Φ_ℓ² ≈ (1/e)^n at n major scales
3,A Recursive Closure Criterion for a Theory of Everything  A 60-Glyph Quaternionic Inter-Domain Syllogistic Admissibility Standard (1)(20260810-123408).pdf,2360,CCT 8-D spinor space ←→ Sigmatics ℓ ∈ {0..7} (octonion coords)
3,A Recursive Closure Criterion for a Theory of Everything  A 60-Glyph Quaternionic Inter-Domain Syllogistic Admissibility Standard (1)(20260810-123408).pdf,2368,SEXA 5-D exciter ←→ Sigmatics 32 triality orbits (log₂(32) = 5)
3,A Recursive Closure Criterion for a Theory of Everything  A 60-Glyph Quaternionic Inter-Domain Syllogistic Admissibility Standard (1)(20260810-123408).pdf,2376,"3-D operational ←→ Sigmatics reduced (h₂ mod 2, d, ℓ parity)"
3,A Recursive Closure Criterion for a Theory of Everything  A 60-Glyph Quaternionic Inter-Domain Syllogistic Admissibility Standard (1)(20260810-123408).pdf,2380,1-D result ←→ Single class evaluation
3,A Recursive Closure Criterion for a Theory of Everything  A 60-Glyph Quaternionic Inter-Domain Syllogistic Admissibility Standard (1)(20260810-123408).pdf,2384,C_Ω ≈ 26.83            (superluminal propagation factor)
3,A Recursive Closure Criterion for a Theory of Everything  A 60-Glyph Quaternionic Inter-Domain Syllogistic Admissibility Standard (1)(20260810-123408).pdf,2386,n̄ ≈ 18.86          (average excitation index)
3,A Recursive Closure Criterion for a Theory of Everything  A 60-Glyph Quaternionic Inter-Domain Syllogistic Admissibility Standard (1)(20260810-123408).pdf,2388,Ψ/Φ² ≈ 0.375 ≈ 1/e (thinning per major scale)
3,A Recursive Closure Criterion for a Theory of Everything  A 60-Glyph Quaternionic Inter-Domain Syllogistic Admissibility Standard (1)(20260810-123408).pdf,2390,H(n) ≈ 6.77√n         (harmonic resonance pattern)
3,A Recursive Closure Criterion for a Theory of Everything  A 60-Glyph Quaternionic Inter-Domain Syllogistic Admissibility Standard (1)(20260810-123408).pdf,2394,C_Ω / n̄ ≈ √2         (propagation/resonance coupling)
3,A Recursive Closure Criterion for a Theory of Everything  A 60-Glyph Quaternionic Inter-Domain Syllogistic Admissibility Standard (1)(20260810-123408).pdf,2396,C_Ω / 6.77 ≈ 4        (quaternion factor from R-cycles)
3,A Recursive Closure Criterion for a Theory of Everything  A 60-Glyph Quaternionic Inter-Domain Syllogistic Admissibility Standard (1)(20260810-123408).pdf,2398,2880 / 96 = 30        (dimension reduction factor)
3,A Recursive Closure Criterion for a Theory of Everything  A 60-Glyph Quaternionic Inter-Domain Syllogistic Admissibility Standard (1)(20260810-123408).pdf,2400,256 / 8 = 32        (Clifford → octonion → orbits)
3,A Recursive Closure Criterion for a Theory of Everything  A 60-Glyph Quaternionic Inter-Domain Syllogistic Admissibility Standard (1)(20260810-123408).pdf,2408,"2880-D full space         ←→ 256-D Cl(0,7) + extensions"
3,A Recursive Closure Criterion for a Theory of Everything  A 60-Glyph Quaternionic Inter-Domain Syllogistic Admissibility Standard (1)(20260810-123408).pdf,2410,8-D spinor basis         ←→ ℓ ∈ {0..7} octonion directions
3,A Recursive Closure Criterion for a Theory of Everything  A 60-Glyph Quaternionic Inter-Domain Syllogistic Admissibility Standard (1)(20260810-123408).pdf,2412,5-D exciter coordinates     ←→ 32 triality orbits (2^5)
3,A Recursive Closure Criterion for a Theory of Everything  A 60-Glyph Quaternionic Inter-Domain Syllogistic Admissibility Standard (1)(20260810-123408).pdf,2414,"Period-3 harmonic recursion ←→ T-transform (twist d ∈ {0,1,2})"
3,A Recursive Closure Criterion for a Theory of Everything  A 60-Glyph Quaternionic Inter-Domain Syllogistic Admissibility Standard (1)(20260810-123408).pdf,2416,Spinor projection (8→3)      ←→ R-mixing (8 quaternion 4-cycles)
3,A Recursive Closure Criterion for a Theory of Everything  A 60-Glyph Quaternionic Inter-Domain Syllogistic Admissibility Standard (1)(20260810-123408).pdf,2422,Thinning ratio Ψ_ℓ/Φ_ℓ²     ←→ Geometric reduction ≈ 1/e
3,A Recursive Closure Criterion for a Theory of Everything  A 60-Glyph Quaternionic Inter-Domain Syllogistic Admissibility Standard (1)(20260810-123408).pdf,2424,60^n̄ scaling          ←→ Resonance amplification factor
3,A Recursive Closure Criterion for a Theory of Everything  A 60-Glyph Quaternionic Inter-Domain Syllogistic Admissibility Standard (1)(20260810-123408).pdf,2426,"V_Trump^(2880)(t,φ)        ←→ Effective outward expansion dynamics"
3,A Recursive Closure Criterion for a Theory of Everything  A 60-Glyph Quaternionic Inter-Domain Syllogistic Admissibility Standard (1)(20260810-123408).pdf,2434,1. The 5-D exciter space IS the 32 triality orbit structure (log₂(32) = 5)
3,A Recursive Closure Criterion for a Theory of Everything  A 60-Glyph Quaternionic Inter-Domain Syllogistic Admissibility Standard (1)(20260810-123408).pdf,2436,2. The 8-D→3-D spinor projection IS the R-transform quaternionic mixing
3,A Recursive Closure Criterion for a Theory of Everything  A 60-Glyph Quaternionic Inter-Domain Syllogistic Admissibility Standard (1)(20260810-123408).pdf,2440,4. The Empire Wave Constant C_Ω ≈ 26.83 = √(2880/4) emerges from
3,A Recursive Closure Criterion for a Theory of Everything  A 60-Glyph Quaternionic Inter-Domain Syllogistic Admissibility Standard (1)(20260810-123408).pdf,2444,5. The excitation index n̄ ≈ 18.86 measures harmonic mean resonance
3,A Recursive Closure Criterion for a Theory of Everything  A 60-Glyph Quaternionic Inter-Domain Syllogistic Admissibility Standard (1)(20260810-123408).pdf,2448,6. The thinning ratio Ψ/Φ² ≈ 0.375 ≈ 1/e represents exponential
3,A Recursive Closure Criterion for a Theory of Everything  A 60-Glyph Quaternionic Inter-Domain Syllogistic Admissibility Standard (1)(20260810-123408).pdf,2462,Jered McClain's insight about linking CCT's 8-D→3-D spinor projection
3,A Recursive Closure Criterion for a Theory of Everything  A 60-Glyph Quaternionic Inter-Domain Syllogistic Admissibility Standard (1)(20260810-123408).pdf,2476,all embedded in the 32 = 2^5 orbit space
4,Formal_Compatibility_and_Falsifiability (2) (1)(10).pdf,33,Result: Reproduces z ≈ 2.1×10⁻⁶.
4,Formal_Compatibility_and_Falsifiability (2) (1)(10).pdf,86,Result: P ∝ 1/a⁴ scaling preserved.
4,Formal_Compatibility_and_Falsifiability (2) (1)(10).pdf,96,Result: g ≈ 2.0023228 reproduced.
4,Formal_Compatibility_and_Falsifiability (2) (1)(10).pdf,106,Result: χ = σ/Σc defined; hard-switch activation specified at 10⁸ Pa.
7,SEXA Validation & Computational Correspondence Paper(20260810-123422).pdf,37,4.1 Symmetry Preservation Under 2880D → 5D Reduction ............... 21​
8,sigmatics(1).pdf,17,"Does 2880-D → 5-D reduction preserve symmetries corresponding to R, T, M?"
8,sigmatics(1).pdf,21,• 32 triality orbits = 2^5 coordinate space
8,sigmatics(1).pdf,22,• Period-3 recursion = harmonic averaging mechanism
8,sigmatics(1).pdf,26,• R^4 = identity (quaternion group action)
8,sigmatics(1).pdf,27,• Shift pattern: orbit → (orbit + 24) mod 32
8,sigmatics(1).pdf,28,• Formula: 24 = 3×8 reveals triadic structure
8,sigmatics(1).pdf,34,The 2880-D → 5-D reduction preserves the TERNARY RECURSION structure
8,sigmatics(1).pdf,40,The 8 quaternionic R-cycles × 4 phases = 32 orbits demonstrates:
8,sigmatics(1).pdf,41,32 orbits = 8 (octonion directions) × 4 (quaternion rotations)
8,sigmatics(1).pdf,42,This IS the 8-D → 5-D spinor projection mechanism:
8,sigmatics(1).pdf,43,• 8-D spinor space = ℓ ∈ {0..7} octonion coordinates
8,sigmatics(1).pdf,44,"• 4-D quaternion rotations = h₂ ∈ {0,1,2,3}"
8,sigmatics(1).pdf,46,• 5-D exciter space = 32 orbits addressed by 5 bits
8,sigmatics(1).pdf,51,ANSWER: n̄ ≈ 18.86 represents harmonic mean resonance level
8,sigmatics(1).pdf,61,H(n) ≈ 6.77 × √n (for orbit index n)
8,sigmatics(1).pdf,72,• Total excitation: 2876 × (18.86/32) ≈ 1695 units
8,sigmatics(1).pdf,75,Your equation uses 60^n̄ as scaling factor.
8,sigmatics(1).pdf,76,If n̄ = 18.86:
8,sigmatics(1).pdf,77,60^18.86 = 3.47 × 10^33 (cosmological scale!)
8,sigmatics(1).pdf,78,Normalized: 60^(n̄ /32) ≈ 11.2 (local dynamics scale)
8,sigmatics(1).pdf,85,ANSWER: C_Ω ≈ 26.83 = √(2880/4) = dimensional ratio
8,sigmatics(1).pdf,109,• c = speed of light in 4-D spacetime
8,sigmatics(1).pdf,110,• C_Ω = effective speed in 2880-D manifold
8,sigmatics(1).pdf,111,• Ratio: C_Ω/c = √(2880/4) ≈ 26.83
8,sigmatics(1).pdf,123,C_Ω / n̄ ≈ 26.83 / 18.86 ≈ 1.42 ≈ √2
8,sigmatics(1).pdf,126,C_Ω / 6.77 ≈ 3.96 ≈ 4
8,sigmatics(1).pdf,127,→ Quaternion factor (4-fold R-symmetry)
8,sigmatics(1).pdf,128,C_Ω = √(720 × 4) = √2880
8,sigmatics(1).pdf,134,ANSWER: Yes - exponential collapse at rate ≈ 1/e per major scale
8,sigmatics(1).pdf,137,Exponent: 1/(2880-4) ≈ 0.000348
8,sigmatics(1).pdf,138,Product: ∏(ℓ=5 to 2880) Ψ_ℓ/Φ_ℓ²
8,sigmatics(1).pdf,142,↓ ratio = 0.375 ≈ 1/e ≈ 1/φ²
8,sigmatics(1).pdf,144,↓ ratio = 0.333 ≈ 1/3
8,sigmatics(1).pdf,146,↓ ratio = 0.219
8,sigmatics(1).pdf,148,↓ ratio = 0.429
8,sigmatics(1).pdf,150,↓ ratio = 0.333 ≈ 1/3
8,sigmatics(1).pdf,153,Overall: 256 → 1 (factor of 256)
8,sigmatics(1).pdf,155,The first reduction 256 → 96 gives ratio 0.375
8,sigmatics(1).pdf,157,• 1/e ≈ 0.368 (exponential decay)
8,sigmatics(1).pdf,158,• 1/φ² ≈ 0.382 (golden ratio squared)
8,sigmatics(1).pdf,159,• Actual: 0.375 = 3/8 (exact rational)
8,sigmatics(1).pdf,168,To achieve 256 → 1 reduction over 2876 steps:
8,sigmatics(1).pdf,169,Per-scale ratio: (1/256)^(1/2876) ≈ 0.9981
8,sigmatics(1).pdf,181,• How much geometric structure preserved when projecting ℓ → ℓ-1
8,sigmatics(1).pdf,190,↓ Thinning: ∏ Ψ_ℓ/Φ_ℓ² ≈ (1/e)^n at n major scales
8,sigmatics(1).pdf,192,CCT 8-D spinor space ←→ Sigmatics ℓ ∈ {0..7} (octonion coords)
8,sigmatics(1).pdf,196,SEXA 5-D exciter ←→ Sigmatics 32 triality orbits (log₂(32) = 5)
8,sigmatics(1).pdf,200,"3-D operational ←→ Sigmatics reduced (h₂ mod 2, d, ℓ parity)"
8,sigmatics(1).pdf,202,1-D result ←→ Single class evaluation
8,sigmatics(1).pdf,204,C_Ω ≈ 26.83
8,sigmatics(1).pdf,205,n̄ ≈ 18.86
8,sigmatics(1).pdf,208,Ψ/Φ² ≈ 0.375 ≈ 1/e (thinning per major scale)
8,sigmatics(1).pdf,209,H(n) ≈ 6.77√n (harmonic resonance pattern)
8,sigmatics(1).pdf,211,C_Ω / n̄ ≈ √2     (propagation/resonance coupling)
8,sigmatics(1).pdf,212,C_Ω / 6.77 ≈ 4 (quaternion factor from R-cycles)
8,sigmatics(1).pdf,213,2880 / 96 = 30 (dimension reduction factor)
8,sigmatics(1).pdf,214,256 / 8 = 32    (Clifford → octonion → orbits)
8,sigmatics(1).pdf,219,"←→ 256-D Cl(0,7) + extensions"
8,sigmatics(1).pdf,221,←→ ℓ ∈ {0..7} octonion directions
8,sigmatics(1).pdf,222,5-D exciter coordinates ←→ 32 triality orbits (2^5)
8,sigmatics(1).pdf,223,"Period-3 harmonic recursion ←→ T-transform (twist d ∈ {0,1,2})"
8,sigmatics(1).pdf,224,Spinor projection (8→3) ←→ R-mixing (8 quaternion 4-cycles
9,SEXA Validation & Computational Correspondence Paper (6)(9).pdf,37,4.1 Symmetry Preservation Under 2880D → 5D Reduction ............... 21​
10,"The SEXA Mathematical Framework Unified Recursive Manifold Dynamics, Dimensional Collapse Operators, and Triality-Structured Exciter Geometry — MASTER PEER REVIEW EDITION (1)(20260810-123631).pdf",226,"Does 2880-D → 5-D reduction preserve symmetries corresponding to R, T, M?"
10,"The SEXA Mathematical Framework Unified Recursive Manifold Dynamics, Dimensional Collapse Operators, and Triality-Structured Exciter Geometry — MASTER PEER REVIEW EDITION (1)(20260810-123631).pdf",232,• 32 triality orbits = 2^5 coordinate space
10,"The SEXA Mathematical Framework Unified Recursive Manifold Dynamics, Dimensional Collapse Operators, and Triality-Structured Exciter Geometry — MASTER PEER REVIEW EDITION (1)(20260810-123631).pdf",233,• Period-3 recursion = harmonic averaging mechanism
10,"The SEXA Mathematical Framework Unified Recursive Manifold Dynamics, Dimensional Collapse Operators, and Triality-Structured Exciter Geometry — MASTER PEER REVIEW EDITION (1)(20260810-123631).pdf",238,• R^4 = identity (quaternion group action)
10,"The SEXA Mathematical Framework Unified Recursive Manifold Dynamics, Dimensional Collapse Operators, and Triality-Structured Exciter Geometry — MASTER PEER REVIEW EDITION (1)(20260810-123631).pdf",239,• Shift pattern: orbit → (orbit + 24) mod 32
10,"The SEXA Mathematical Framework Unified Recursive Manifold Dynamics, Dimensional Collapse Operators, and Triality-Structured Exciter Geometry — MASTER PEER REVIEW EDITION (1)(20260810-123631).pdf",240,• Formula: 24 = 3×8 reveals triadic structure
10,"The SEXA Mathematical Framework Unified Recursive Manifold Dynamics, Dimensional Collapse Operators, and Triality-Structured Exciter Geometry — MASTER PEER REVIEW EDITION (1)(20260810-123631).pdf",249,The 2880-D → 5-D reduction preserves the TERNARY RECURSION structure (T-symmetry)
10,"The SEXA Mathematical Framework Unified Recursive Manifold Dynamics, Dimensional Collapse Operators, and Triality-Structured Exciter Geometry — MASTER PEER REVIEW EDITION (1)(20260810-123631).pdf",254,The 8 quaternionic R-cycles × 4 phases = 32 orbits demonstrates:
10,"The SEXA Mathematical Framework Unified Recursive Manifold Dynamics, Dimensional Collapse Operators, and Triality-Structured Exciter Geometry — MASTER PEER REVIEW EDITION (1)(20260810-123631).pdf",255,32 orbits = 8 (octonion directions) × 4 (quaternion rotations)
10,"The SEXA Mathematical Framework Unified Recursive Manifold Dynamics, Dimensional Collapse Operators, and Triality-Structured Exciter Geometry — MASTER PEER REVIEW EDITION (1)(20260810-123631).pdf",257,This IS the 8-D → 5-D spinor projection mechanism:
10,"The SEXA Mathematical Framework Unified Recursive Manifold Dynamics, Dimensional Collapse Operators, and Triality-Structured Exciter Geometry — MASTER PEER REVIEW EDITION (1)(20260810-123631).pdf",258,• 8-D spinor space = ℓ ∈ {0..7} octonion coordinates
10,"The SEXA Mathematical Framework Unified Recursive Manifold Dynamics, Dimensional Collapse Operators, and Triality-Structured Exciter Geometry — MASTER PEER REVIEW EDITION (1)(20260810-123631).pdf",259,"• 4-D quaternion rotations = h₂ ∈ {0,1,2,3}"
10,"The SEXA Mathematical Framework Unified Recursive Manifold Dynamics, Dimensional Collapse Operators, and Triality-Structured Exciter Geometry — MASTER PEER REVIEW EDITION (1)(20260810-123631).pdf",260,• 5-D exciter space = 32 orbits addressed by 5 bits
10,"The SEXA Mathematical Framework Unified Recursive Manifold Dynamics, Dimensional Collapse Operators, and Triality-Structured Exciter Geometry — MASTER PEER REVIEW EDITION (1)(20260810-123631).pdf",270,ANSWER: n̄ ≈ 18.86 represents harmonic mean resonance level
10,"The SEXA Mathematical Framework Unified Recursive Manifold Dynamics, Dimensional Collapse Operators, and Triality-Structured Exciter Geometry — MASTER PEER REVIEW EDITION (1)(20260810-123631).pdf",281,H(n) ≈ 6.77 × √n (for orbit index n)
10,"The SEXA Mathematical Framework Unified Recursive Manifold Dynamics, Dimensional Collapse Operators, and Triality-Structured Exciter Geometry — MASTER PEER REVIEW EDITION (1)(20260810-123631).pdf",296,• Total excitation: 2876 × (18.86/32) ≈ 1695 units
10,"The SEXA Mathematical Framework Unified Recursive Manifold Dynamics, Dimensional Collapse Operators, and Triality-Structured Exciter Geometry — MASTER PEER REVIEW EDITION (1)(20260810-123631).pdf",300,Your equation uses 60^n̄ as scaling factor.
10,"The SEXA Mathematical Framework Unified Recursive Manifold Dynamics, Dimensional Collapse Operators, and Triality-Structured Exciter Geometry — MASTER PEER REVIEW EDITION (1)(20260810-123631).pdf",302,If n̄ = 18.86:
10,"The SEXA Mathematical Framework Unified Recursive Manifold Dynamics, Dimensional Collapse Operators, and Triality-Structured Exciter Geometry — MASTER PEER REVIEW EDITION (1)(20260810-123631).pdf",303,60^18.86 = 3.47 × 10^33 (cosmological scale!)
10,"The SEXA Mathematical Framework Unified Recursive Manifold Dynamics, Dimensional Collapse Operators, and Triality-Structured Exciter Geometry — MASTER PEER REVIEW EDITION (1)(20260810-123631).pdf",305,Normalized: 60^(n̄/32) ≈ 11.2 (local dynamics scale)
10,"The SEXA Mathematical Framework Unified Recursive Manifold Dynamics, Dimensional Collapse Operators, and Triality-Structured Exciter Geometry — MASTER PEER REVIEW EDITION (1)(20260810-123631).pdf",318,ANSWER: C_Ω ≈ 26.83 = √(2880/4) = dimensional ratio
10,"The SEXA Mathematical Framework Unified Recursive Manifold Dynamics, Dimensional Collapse Operators, and Triality-Structured Exciter Geometry — MASTER PEER REVIEW EDITION (1)(20260810-123631).pdf",342,• c = speed of light in 4-D spacetime
10,"The SEXA Mathematical Framework Unified Recursive Manifold Dynamics, Dimensional Collapse Operators, and Triality-Structured Exciter Geometry — MASTER PEER REVIEW EDITION (1)(20260810-123631).pdf",343,• C_Ω = effective speed in 2880-D manifold
10,"The SEXA Mathematical Framework Unified Recursive Manifold Dynamics, Dimensional Collapse Operators, and Triality-Structured Exciter Geometry — MASTER PEER REVIEW EDITION (1)(20260810-123631).pdf",344,• Ratio: C_Ω/c = √(2880/4) ≈ 26.83
10,"The SEXA Mathematical Framework Unified Recursive Manifold Dynamics, Dimensional Collapse Operators, and Triality-Structured Exciter Geometry — MASTER PEER REVIEW EDITION (1)(20260810-123631).pdf",356,C_Ω / n̄ ≈ 26.83 / 18.86 ≈ 1.42 ≈ √2
10,"The SEXA Mathematical Framework Unified Recursive Manifold Dynamics, Dimensional Collapse Operators, and Triality-Structured Exciter Geometry — MASTER PEER REVIEW EDITION (1)(20260810-123631).pdf",359,C_Ω / 6.77 ≈ 3.96 ≈ 4
10,"The SEXA Mathematical Framework Unified Recursive Manifold Dynamics, Dimensional Collapse Operators, and Triality-Structured Exciter Geometry — MASTER PEER REVIEW EDITION (1)(20260810-123631).pdf",360,→ Quaternion factor (4-fold R-symmetry)
10,"The SEXA Mathematical Framework Unified Recursive Manifold Dynamics, Dimensional Collapse Operators, and Triality-Structured Exciter Geometry — MASTER PEER REVIEW EDITION (1)(20260810-123631).pdf",362,C_Ω = √(720 × 4) = √2880
10,"The SEXA Mathematical Framework Unified Recursive Manifold Dynamics, Dimensional Collapse Operators, and Triality-Structured Exciter Geometry — MASTER PEER REVIEW EDITION (1)(20260810-123631).pdf",373,ANSWER: Yes - exponential collapse at rate ≈ 1/e per major scale
10,"The SEXA Mathematical Framework Unified Recursive Manifold Dynamics, Dimensional Collapse Operators, and Triality-Structured Exciter Geometry — MASTER PEER REVIEW EDITION (1)(20260810-123631).pdf",376,Exponent: 1/(2880-4) ≈ 0.000348
10,"The SEXA Mathematical Framework Unified Recursive Manifold Dynamics, Dimensional Collapse Operators, and Triality-Structured Exciter Geometry — MASTER PEER REVIEW EDITION (1)(20260810-123631).pdf",377,Product: ∏(ℓ=5 to 2880) Ψ_ℓ/Φ_ℓ²
10,"The SEXA Mathematical Framework Unified Recursive Manifold Dynamics, Dimensional Collapse Operators, and Triality-Structured Exciter Geometry — MASTER PEER REVIEW EDITION (1)(20260810-123631).pdf",383,↓ ratio = 0.375 ≈ 1/e ≈ 1/φ²
10,"The SEXA Mathematical Framework Unified Recursive Manifold Dynamics, Dimensional Collapse Operators, and Triality-Structured Exciter Geometry — MASTER PEER REVIEW EDITION (1)(20260810-123631).pdf",385,↓ ratio = 0.333 ≈ 1/3
10,"The SEXA Mathematical Framework Unified Recursive Manifold Dynamics, Dimensional Collapse Operators, and Triality-Structured Exciter Geometry — MASTER PEER REVIEW EDITION (1)(20260810-123631).pdf",387,↓ ratio = 0.219
10,"The SEXA Mathematical Framework Unified Recursive Manifold Dynamics, Dimensional Collapse Operators, and Triality-Structured Exciter Geometry — MASTER PEER REVIEW EDITION (1)(20260810-123631).pdf",389,↓ ratio = 0.429
10,"The SEXA Mathematical Framework Unified Recursive Manifold Dynamics, Dimensional Collapse Operators, and Triality-Structured Exciter Geometry — MASTER PEER REVIEW EDITION (1)(20260810-123631).pdf",391,↓ ratio = 0.333 ≈ 1/3
10,"The SEXA Mathematical Framework Unified Recursive Manifold Dynamics, Dimensional Collapse Operators, and Triality-Structured Exciter Geometry — MASTER PEER REVIEW EDITION (1)(20260810-123631).pdf",395,Overall: 256 → 1 (factor of 256)
10,"The SEXA Mathematical Framework Unified Recursive Manifold Dynamics, Dimensional Collapse Operators, and Triality-Structured Exciter Geometry — MASTER PEER REVIEW EDITION (1)(20260810-123631).pdf",398,The first reduction 256 → 96 gives ratio 0.375
10,"The SEXA Mathematical Framework Unified Recursive Manifold Dynamics, Dimensional Collapse Operators, and Triality-Structured Exciter Geometry — MASTER PEER REVIEW EDITION (1)(20260810-123631).pdf",401,• 1/e ≈ 0.368 (exponential decay)
10,"The SEXA Mathematical Framework Unified Recursive Manifold Dynamics, Dimensional Collapse Operators, and Triality-Structured Exciter Geometry — MASTER PEER REVIEW EDITION (1)(20260810-123631).pdf",402,• 1/φ² ≈ 0.382 (golden ratio squared)
10,"The SEXA Mathematical Framework Unified Recursive Manifold Dynamics, Dimensional Collapse Operators, and Triality-Structured Exciter Geometry — MASTER PEER REVIEW EDITION (1)(20260810-123631).pdf",403,• Actual: 0.375 = 3/8 (exact rational)
10,"The SEXA Mathematical Framework Unified Recursive Manifold Dynamics, Dimensional Collapse Operators, and Triality-Structured Exciter Geometry — MASTER PEER REVIEW EDITION (1)(20260810-123631).pdf",416,To achieve 256 → 1 reduction over 2876 steps:
10,"The SEXA Mathematical Framework Unified Recursive Manifold Dynamics, Dimensional Collapse Operators, and Triality-Structured Exciter Geometry — MASTER PEER REVIEW EDITION (1)(20260810-123631).pdf",417,Per-scale ratio: (1/256)^(1/2876) ≈ 0.9981
10,"The SEXA Mathematical Framework Unified Recursive Manifold Dynamics, Dimensional Collapse Operators, and Triality-Structured Exciter Geometry — MASTER PEER REVIEW EDITION (1)(20260810-123631).pdf",431,• How much geometric structure preserved when projecting ℓ → ℓ-1
10,"The SEXA Mathematical Framework Unified Recursive Manifold Dynamics, Dimensional Collapse Operators, and Triality-Structured Exciter Geometry — MASTER PEER REVIEW EDITION (1)(20260810-123631).pdf",445,↓ Thinning: ∏ Ψ_ℓ/Φ_ℓ² ≈ (1/e)^n at n major scales
10,"The SEXA Mathematical Framework Unified Recursive Manifold Dynamics, Dimensional Collapse Operators, and Triality-Structured Exciter Geometry — MASTER PEER REVIEW EDITION (1)(20260810-123631).pdf",447,CCT 8-D spinor space ←→ Sigmatics ℓ ∈ {0..7} (octonion coords)
10,"The SEXA Mathematical Framework Unified Recursive Manifold Dynamics, Dimensional Collapse Operators, and Triality-Structured Exciter Geometry — MASTER PEER REVIEW EDITION (1)(20260810-123631).pdf",451,SEXA 5-D exciter ←→ Sigmatics 32 triality orbits (log₂(32) = 5)
10,"The SEXA Mathematical Framework Unified Recursive Manifold Dynamics, Dimensional Collapse Operators, and Triality-Structured Exciter Geometry — MASTER PEER REVIEW EDITION (1)(20260810-123631).pdf",455,"3-D operational ←→ Sigmatics reduced (h₂ mod 2, d, ℓ parity)"
10,"The SEXA Mathematical Framework Unified Recursive Manifold Dynamics, Dimensional Collapse Operators, and Triality-Structured Exciter Geometry — MASTER PEER REVIEW EDITION (1)(20260810-123631).pdf",457,1-D result ←→ Single class evaluation
10,"The SEXA Mathematical Framework Unified Recursive Manifold Dynamics, Dimensional Collapse Operators, and Triality-Structured Exciter Geometry — MASTER PEER REVIEW EDITION (1)(20260810-123631).pdf",461,C_Ω ≈ 26.83      (superluminal propagation factor)
10,"The SEXA Mathematical Framework Unified Recursive Manifold Dynamics, Dimensional Collapse Operators, and Triality-Structured Exciter Geometry — MASTER PEER REVIEW EDITION (1)(20260810-123631).pdf",462,n̄ ≈ 18.86     (average excitation index)
10,"The SEXA Mathematical Framework Unified Recursive Manifold Dynamics, Dimensional Collapse Operators, and Triality-Structured Exciter Geometry — MASTER PEER REVIEW EDITION (1)(20260810-123631).pdf",463,Ψ/Φ² ≈ 0.375 ≈ 1/e (thinning per major scale)
10,"The SEXA Mathematical Framework Unified Recursive Manifold Dynamics, Dimensional Collapse Operators, and Triality-Structured Exciter Geometry — MASTER PEER REVIEW EDITION (1)(20260810-123631).pdf",464,H(n) ≈ 6.77√n (harmonic resonance pattern)
10,"The SEXA Mathematical Framework Unified Recursive Manifold Dynamics, Dimensional Collapse Operators, and Triality-Structured Exciter Geometry — MASTER PEER REVIEW EDITION (1)(20260810-123631).pdf",468,C_Ω / n̄ ≈ √2  (propagation/resonance coupling)
10,"The SEXA Mathematical Framework Unified Recursive Manifold Dynamics, Dimensional Collapse Operators, and Triality-Structured Exciter Geometry — MASTER PEER REVIEW EDITION (1)(20260810-123631).pdf",469,C_Ω / 6.77 ≈ 4 (quaternion factor from R-cycles)
10,"The SEXA Mathematical Framework Unified Recursive Manifold Dynamics, Dimensional Collapse Operators, and Triality-Structured Exciter Geometry — MASTER PEER REVIEW EDITION (1)(20260810-123631).pdf",470,2880 / 96 = 30 (dimension reduction factor)
10,"The SEXA Mathematical Framework Unified Recursive Manifold Dynamics, Dimensional Collapse Operators, and Triality-Structured Exciter Geometry — MASTER PEER REVIEW EDITION (1)(20260810-123631).pdf",471,256 / 8 = 32  (Clifford → octonion → orbits)
10,"The SEXA Mathematical Framework Unified Recursive Manifold Dynamics, Dimensional Collapse Operators, and Triality-Structured Exciter Geometry — MASTER PEER REVIEW EDITION (1)(20260810-123631).pdf",477,"2880-D full space               ←→ 256-D Cl(0,7) + extensions"
10,"The SEXA Mathematical Framework Unified Recursive Manifold Dynamics, Dimensional Collapse Operators, and Triality-Structured Exciter Geometry — MASTER PEER REVIEW EDITION (1)(20260810-123631).pdf",478,8-D spinor basis               ←→ ℓ ∈ {0..7} octonion directions
10,"The SEXA Mathematical Framework Unified Recursive Manifold Dynamics, Dimensional Collapse Operators, and Triality-Structured Exciter Geometry — MASTER PEER REVIEW EDITION (1)(20260810-123631).pdf",479,5-D exciter coordinates ←→ 32 triality orbits (2^5)
10,"The SEXA Mathematical Framework Unified Recursive Manifold Dynamics, Dimensional Collapse Operators, and Triality-Structured Exciter Geometry — MASTER PEER REVIEW EDITION (1)(20260810-123631).pdf",480,"Period-3 harmonic recursion ←→ T-transform (twist d ∈ {0,1,2})"
10,"The SEXA Mathematical Framework Unified Recursive Manifold Dynamics, Dimensional Collapse Operators, and Triality-Structured Exciter Geometry — MASTER PEER REVIEW EDITION (1)(20260810-123631).pdf",481,Spinor projection (8→3) ←→ R-mixing (8 quaternion 4-cycles)
10,"The SEXA Mathematical Framework Unified Recursive Manifold Dynamics, Dimensional Collapse Operators, and Triality-Structured Exciter Geometry — MASTER PEER REVIEW EDITION (1)(20260810-123631).pdf",484,Thinning ratio Ψ_ℓ/Φ_ℓ² ←→ Geometric reduction ≈ 1/e
10,"The SEXA Mathematical Framework Unified Recursive Manifold Dynamics, Dimensional Collapse Operators, and Triality-Structured Exciter Geometry — MASTER PEER REVIEW EDITION (1)(20260810-123631).pdf",485,60^n̄ scaling               ←→ Resonance amplification factor
10,"The SEXA Mathematical Framework Unified Recursive Manifold Dynamics, Dimensional Collapse Operators, and Triality-Structured Exciter Geometry — MASTER PEER REVIEW EDITION (1)(20260810-123631).pdf",486,"V_Trump^(2880)(t,φ)               ←→ Effective outward expansion dynamics"
10,"The SEXA Mathematical Framework Unified Recursive Manifold Dynamics, Dimensional Collapse Operators, and Triality-Structured Exciter Geometry — MASTER PEER REVIEW EDITION (1)(20260810-123631).pdf",496,1. The 5-D exciter space IS the 32 triality orbit structure (log₂(32) = 5)
10,"The SEXA Mathematical Framework Unified Recursive Manifold Dynamics, Dimensional Collapse Operators, and Triality-Structured Exciter Geometry — MASTER PEER REVIEW EDITION (1)(20260810-123631).pdf",498,2. The 8-D→3-D spinor projection IS the R-transform quaternionic mixing
10,"The SEXA Mathematical Framework Unified Recursive Manifold Dynamics, Dimensional Collapse Operators, and Triality-Structured Exciter Geometry — MASTER PEER REVIEW EDITION (1)(20260810-123631).pdf",502,4. The Empire Wave Constant C_Ω ≈ 26.83 = √(2880/4) emerges from
10,"The SEXA Mathematical Framework Unified Recursive Manifold Dynamics, Dimensional Collapse Operators, and Triality-Structured Exciter Geometry — MASTER PEER REVIEW EDITION (1)(20260810-123631).pdf",505,5. The excitation index n̄ ≈ 18.86 measures harmonic mean resonance
10,"The SEXA Mathematical Framework Unified Recursive Manifold Dynamics, Dimensional Collapse Operators, and Triality-Structured Exciter Geometry — MASTER PEER REVIEW EDITION (1)(20260810-123631).pdf",508,6. The thinning ratio Ψ/Φ² ≈ 0.375 ≈ 1/e represents exponential
10,"The SEXA Mathematical Framework Unified Recursive Manifold Dynamics, Dimensional Collapse Operators, and Triality-Structured Exciter Geometry — MASTER PEER REVIEW EDITION (1)(20260810-123631).pdf",522,Jered McClain's insight about linking CCT's 8-D→3-D spinor projection
10,"The SEXA Mathematical Framework Unified Recursive Manifold Dynamics, Dimensional Collapse Operators, and Triality-Structured Exciter Geometry — MASTER PEER REVIEW EDITION (1)(20260810-123631).pdf",532,all embedded in the 32 = 2^5 orbit space
